feature,mean_importance
Embarked,1.5050202948513531e-05
Name,4.5053318117479926e-05
Pclass,0.00012041057970960766
FamilySize,0.00014788581264559198
Fare,0.00018066903953051802
Age,0.00036644420864699525
FareGroup,0.0005727969705846749
Survived,3.785840879048146
